id, question
0, "Explain in the detail how natural selection gradually transforms small good inherited differences into increasingly complex traits, biological functions, and adaptive behaviors in populations distributed across varied ecological settings. Discuss how variation among individuals affects survival, fertility, mate acquisition, foraging efficiency, predator avoidance, resistance to pathogens, and responses to environmental stress, and how these differences influence which genes become more common over time. Then explain how repeated rounds of selection can preserve useful modifications, eliminate disadvantageous ones, and assemble multiple interacting components into coordinated systems, such as sensory organs, metabolic pathways, defensive mechanisms, and social behaviors. Include how environmental change, niche expansion, developmental constraints, trade-offs, and interactions with other species shape the direction of adaptation, and why complex features emerge gradually through many functional intermediate stages rather than appearing fully formed in a single evolutionary step. Also discuss how cumulative selection can improve precision, efficiency, robustness, and context sensitivity in complex traits, how ecological specialization can intensify refinement in particular lineages, how the same general evolutionary process can produce very different adaptive outcomes in deserts, forests, oceans, mountains, islands, and how repeated adaptation under local pressures can yield."
1, "Explain in the detail how natural selection gradually transforms small good inherited differences into increasingly complex traits, biological functions, and adaptive behaviors in populations distributed across varied ecological settings. Discuss how variation among individuals affects survival, fertility, mate acquisition, foraging efficiency, predator avoidance, resistance to pathogens, and responses to environmental stress, and how these differences influence which genes become more common over time. Then explain how repeated rounds of selection can preserve useful modifications, eliminate disadvantageous ones, and assemble multiple interacting components into coordinated systems, such as sensory organs, metabolic pathways, defensive mechanisms, and social behaviors. Include how environmental change, niche expansion, developmental constraints, trade-offs, and interactions with other species shape the direction of adaptation, and why complex features emerge gradually through many functional intermediate stages rather than appearing fully formed in a single evolutionary step. Also discuss how cumulative selection can improve precision, efficiency, robustness, and context sensitivity in complex traits, how ecological specialization can intensify refinement in particular lineages, how the same general evolutionary process can produce very different adaptive outcomes in deserts, forests, oceans, mountains, islands, and how repeated adaptation under local pressures can yield."
2, "Explain in the detail how natural selection gradually transforms small good inherited differences into increasingly complex traits, biological functions, and adaptive behaviors in populations distributed across varied ecological settings. Discuss how variation among individuals affects survival, fertility, mate acquisition, foraging efficiency, predator avoidance, resistance to pathogens, and responses to environmental stress, and how these differences influence which genes become more common over time. Then explain how repeated rounds of selection can preserve useful modifications, eliminate disadvantageous ones, and assemble multiple interacting components into coordinated systems, such as sensory organs, metabolic pathways, defensive mechanisms, and social behaviors. Include how environmental change, niche expansion, developmental constraints, trade-offs, and interactions with other species shape the direction of adaptation, and why complex features emerge gradually through many functional intermediate stages rather than appearing fully formed in a single evolutionary step. Also discuss how cumulative selection can improve precision, efficiency, robustness, and context sensitivity in complex traits, how ecological specialization can intensify refinement in particular lineages, how the same general evolutionary process can produce very different adaptive outcomes in deserts, forests, oceans, mountains, islands, and how repeated adaptation under local pressures can yield."
3, "Explain in the detail how natural selection gradually transforms small good inherited differences into increasingly complex traits, biological functions, and adaptive behaviors in populations distributed across varied ecological settings. Discuss how variation among individuals affects survival, fertility, mate acquisition, foraging efficiency, predator avoidance, resistance to pathogens, and responses to environmental stress, and how these differences influence which genes become more common over time. Then explain how repeated rounds of selection can preserve useful modifications, eliminate disadvantageous ones, and assemble multiple interacting components into coordinated systems, such as sensory organs, metabolic pathways, defensive mechanisms, and social behaviors. Include how environmental change, niche expansion, developmental constraints, trade-offs, and interactions with other species shape the direction of adaptation, and why complex features emerge gradually through many functional intermediate stages rather than appearing fully formed in a single evolutionary step. Also discuss how cumulative selection can improve precision, efficiency, robustness, and context sensitivity in complex traits, how ecological specialization can intensify refinement in particular lineages, how the same general evolutionary process can produce very different adaptive outcomes in deserts, forests, oceans, mountains, islands, and how repeated adaptation under local pressures can yield."
4, "Explain in the detail how natural selection gradually transforms small good inherited differences into increasingly complex traits, biological functions, and adaptive behaviors in populations distributed across varied ecological settings. Discuss how variation among individuals affects survival, fertility, mate acquisition, foraging efficiency, predator avoidance, resistance to pathogens, and responses to environmental stress, and how these differences influence which genes become more common over time. Then explain how repeated rounds of selection can preserve useful modifications, eliminate disadvantageous ones, and assemble multiple interacting components into coordinated systems, such as sensory organs, metabolic pathways, defensive mechanisms, and social behaviors. Include how environmental change, niche expansion, developmental constraints, trade-offs, and interactions with other species shape the direction of adaptation, and why complex features emerge gradually through many functional intermediate stages rather than appearing fully formed in a single evolutionary step. Also discuss how cumulative selection can improve precision, efficiency, robustness, and context sensitivity in complex traits, how ecological specialization can intensify refinement in particular lineages, how the same general evolutionary process can produce very different adaptive outcomes in deserts, forests, oceans, mountains, islands, and how repeated adaptation under local pressures can yield."
5, "Explain in the detail how natural selection gradually transforms small good inherited differences into increasingly complex traits, biological functions, and adaptive behaviors in populations distributed across varied ecological settings. Discuss how variation among individuals affects survival, fertility, mate acquisition, foraging efficiency, predator avoidance, resistance to pathogens, and responses to environmental stress, and how these differences influence which genes become more common over time. Then explain how repeated rounds of selection can preserve useful modifications, eliminate disadvantageous ones, and assemble multiple interacting components into coordinated systems, such as sensory organs, metabolic pathways, defensive mechanisms, and social behaviors. Include how environmental change, niche expansion, developmental constraints, trade-offs, and interactions with other species shape the direction of adaptation, and why complex features emerge gradually through many functional intermediate stages rather than appearing fully formed in a single evolutionary step. Also discuss how cumulative selection can improve precision, efficiency, robustness, and context sensitivity in complex traits, how ecological specialization can intensify refinement in particular lineages, how the same general evolutionary process can produce very different adaptive outcomes in deserts, forests, oceans, mountains, islands, and how repeated adaptation under local pressures can yield."
6, "Explain in the detail how natural selection gradually transforms small good inherited differences into increasingly complex traits, biological functions, and adaptive behaviors in populations distributed across varied ecological settings. Discuss how variation among individuals affects survival, fertility, mate acquisition, foraging efficiency, predator avoidance, resistance to pathogens, and responses to environmental stress, and how these differences influence which genes become more common over time. Then explain how repeated rounds of selection can preserve useful modifications, eliminate disadvantageous ones, and assemble multiple interacting components into coordinated systems, such as sensory organs, metabolic pathways, defensive mechanisms, and social behaviors. Include how environmental change, niche expansion, developmental constraints, trade-offs, and interactions with other species shape the direction of adaptation, and why complex features emerge gradually through many functional intermediate stages rather than appearing fully formed in a single evolutionary step. Also discuss how cumulative selection can improve precision, efficiency, robustness, and context sensitivity in complex traits, how ecological specialization can intensify refinement in particular lineages, how the same general evolutionary process can produce very different adaptive outcomes in deserts, forests, oceans, mountains, islands, and how repeated adaptation under local pressures can yield."
7, "Explain in the detail how natural selection gradually transforms small good inherited differences into increasingly complex traits, biological functions, and adaptive behaviors in populations distributed across varied ecological settings. Discuss how variation among individuals affects survival, fertility, mate acquisition, foraging efficiency, predator avoidance, resistance to pathogens, and responses to environmental stress, and how these differences influence which genes become more common over time. Then explain how repeated rounds of selection can preserve useful modifications, eliminate disadvantageous ones, and assemble multiple interacting components into coordinated systems, such as sensory organs, metabolic pathways, defensive mechanisms, and social behaviors. Include how environmental change, niche expansion, developmental constraints, trade-offs, and interactions with other species shape the direction of adaptation, and why complex features emerge gradually through many functional intermediate stages rather than appearing fully formed in a single evolutionary step. Also discuss how cumulative selection can improve precision, efficiency, robustness, and context sensitivity in complex traits, how ecological specialization can intensify refinement in particular lineages, how the same general evolutionary process can produce very different adaptive outcomes in deserts, forests, oceans, mountains, islands, and how repeated adaptation under local pressures can yield."
8, "Explain in the detail how natural selection gradually transforms small good inherited differences into increasingly complex traits, biological functions, and adaptive behaviors in populations distributed across varied ecological settings. Discuss how variation among individuals affects survival, fertility, mate acquisition, foraging efficiency, predator avoidance, resistance to pathogens, and responses to environmental stress, and how these differences influence which genes become more common over time. Then explain how repeated rounds of selection can preserve useful modifications, eliminate disadvantageous ones, and assemble multiple interacting components into coordinated systems, such as sensory organs, metabolic pathways, defensive mechanisms, and social behaviors. Include how environmental change, niche expansion, developmental constraints, trade-offs, and interactions with other species shape the direction of adaptation, and why complex features emerge gradually through many functional intermediate stages rather than appearing fully formed in a single evolutionary step. Also discuss how cumulative selection can improve precision, efficiency, robustness, and context sensitivity in complex traits, how ecological specialization can intensify refinement in particular lineages, how the same general evolutionary process can produce very different adaptive outcomes in deserts, forests, oceans, mountains, islands, and how repeated adaptation under local pressures can yield."
9, "Explain in the detail how natural selection gradually transforms small good inherited differences into increasingly complex traits, biological functions, and adaptive behaviors in populations distributed across varied ecological settings. Discuss how variation among individuals affects survival, fertility, mate acquisition, foraging efficiency, predator avoidance, resistance to pathogens, and responses to environmental stress, and how these differences influence which genes become more common over time. Then explain how repeated rounds of selection can preserve useful modifications, eliminate disadvantageous ones, and assemble multiple interacting components into coordinated systems, such as sensory organs, metabolic pathways, defensive mechanisms, and social behaviors. Include how environmental change, niche expansion, developmental constraints, trade-offs, and interactions with other species shape the direction of adaptation, and why complex features emerge gradually through many functional intermediate stages rather than appearing fully formed in a single evolutionary step. Also discuss how cumulative selection can improve precision, efficiency, robustness, and context sensitivity in complex traits, how ecological specialization can intensify refinement in particular lineages, how the same general evolutionary process can produce very different adaptive outcomes in deserts, forests, oceans, mountains, islands, and how repeated adaptation under local pressures can yield."
10, "Explain in the detail how natural selection gradually transforms small good inherited differences into increasingly complex traits, biological functions, and adaptive behaviors in populations distributed across varied ecological settings. Discuss how variation among individuals affects survival, fertility, mate acquisition, foraging efficiency, predator avoidance, resistance to pathogens, and responses to environmental stress, and how these differences influence which genes become more common over time. Then explain how repeated rounds of selection can preserve useful modifications, eliminate disadvantageous ones, and assemble multiple interacting components into coordinated systems, such as sensory organs, metabolic pathways, defensive mechanisms, and social behaviors. Include how environmental change, niche expansion, developmental constraints, trade-offs, and interactions with other species shape the direction of adaptation, and why complex features emerge gradually through many functional intermediate stages rather than appearing fully formed in a single evolutionary step. Also discuss how cumulative selection can improve precision, efficiency, robustness, and context sensitivity in complex traits, how ecological specialization can intensify refinement in particular lineages, how the same general evolutionary process can produce very different adaptive outcomes in deserts, forests, oceans, mountains, islands, and how repeated adaptation under local pressures can yield."
11, "Explain in the detail how natural selection gradually transforms small good inherited differences into increasingly complex traits, biological functions, and adaptive behaviors in populations distributed across varied ecological settings. Discuss how variation among individuals affects survival, fertility, mate acquisition, foraging efficiency, predator avoidance, resistance to pathogens, and responses to environmental stress, and how these differences influence which genes become more common over time. Then explain how repeated rounds of selection can preserve useful modifications, eliminate disadvantageous ones, and assemble multiple interacting components into coordinated systems, such as sensory organs, metabolic pathways, defensive mechanisms, and social behaviors. Include how environmental change, niche expansion, developmental constraints, trade-offs, and interactions with other species shape the direction of adaptation, and why complex features emerge gradually through many functional intermediate stages rather than appearing fully formed in a single evolutionary step. Also discuss how cumulative selection can improve precision, efficiency, robustness, and context sensitivity in complex traits, how ecological specialization can intensify refinement in particular lineages, how the same general evolutionary process can produce very different adaptive outcomes in deserts, forests, oceans, mountains, islands, and how repeated adaptation under local pressures can yield."
12, "Explain in the detail how natural selection gradually transforms small good inherited differences into increasingly complex traits, biological functions, and adaptive behaviors in populations distributed across varied ecological settings. Discuss how variation among individuals affects survival, fertility, mate acquisition, foraging efficiency, predator avoidance, resistance to pathogens, and responses to environmental stress, and how these differences influence which genes become more common over time. Then explain how repeated rounds of selection can preserve useful modifications, eliminate disadvantageous ones, and assemble multiple interacting components into coordinated systems, such as sensory organs, metabolic pathways, defensive mechanisms, and social behaviors. Include how environmental change, niche expansion, developmental constraints, trade-offs, and interactions with other species shape the direction of adaptation, and why complex features emerge gradually through many functional intermediate stages rather than appearing fully formed in a single evolutionary step. Also discuss how cumulative selection can improve precision, efficiency, robustness, and context sensitivity in complex traits, how ecological specialization can intensify refinement in particular lineages, how the same general evolutionary process can produce very different adaptive outcomes in deserts, forests, oceans, mountains, islands, and how repeated adaptation under local pressures can yield."
13, "Explain in the detail how natural selection gradually transforms small good inherited differences into increasingly complex traits, biological functions, and adaptive behaviors in populations distributed across varied ecological settings. Discuss how variation among individuals affects survival, fertility, mate acquisition, foraging efficiency, predator avoidance, resistance to pathogens, and responses to environmental stress, and how these differences influence which genes become more common over time. Then explain how repeated rounds of selection can preserve useful modifications, eliminate disadvantageous ones, and assemble multiple interacting components into coordinated systems, such as sensory organs, metabolic pathways, defensive mechanisms, and social behaviors. Include how environmental change, niche expansion, developmental constraints, trade-offs, and interactions with other species shape the direction of adaptation, and why complex features emerge gradually through many functional intermediate stages rather than appearing fully formed in a single evolutionary step. Also discuss how cumulative selection can improve precision, efficiency, robustness, and context sensitivity in complex traits, how ecological specialization can intensify refinement in particular lineages, how the same general evolutionary process can produce very different adaptive outcomes in deserts, forests, oceans, mountains, islands, and how repeated adaptation under local pressures can yield."
14, "Explain in the detail how natural selection gradually transforms small good inherited differences into increasingly complex traits, biological functions, and adaptive behaviors in populations distributed across varied ecological settings. Discuss how variation among individuals affects survival, fertility, mate acquisition, foraging efficiency, predator avoidance, resistance to pathogens, and responses to environmental stress, and how these differences influence which genes become more common over time. Then explain how repeated rounds of selection can preserve useful modifications, eliminate disadvantageous ones, and assemble multiple interacting components into coordinated systems, such as sensory organs, metabolic pathways, defensive mechanisms, and social behaviors. Include how environmental change, niche expansion, developmental constraints, trade-offs, and interactions with other species shape the direction of adaptation, and why complex features emerge gradually through many functional intermediate stages rather than appearing fully formed in a single evolutionary step. Also discuss how cumulative selection can improve precision, efficiency, robustness, and context sensitivity in complex traits, how ecological specialization can intensify refinement in particular lineages, how the same general evolutionary process can produce very different adaptive outcomes in deserts, forests, oceans, mountains, islands, and how repeated adaptation under local pressures can yield."
15, "Explain in the detail how natural selection gradually transforms small good inherited differences into increasingly complex traits, biological functions, and adaptive behaviors in populations distributed across varied ecological settings. Discuss how variation among individuals affects survival, fertility, mate acquisition, foraging efficiency, predator avoidance, resistance to pathogens, and responses to environmental stress, and how these differences influence which genes become more common over time. Then explain how repeated rounds of selection can preserve useful modifications, eliminate disadvantageous ones, and assemble multiple interacting components into coordinated systems, such as sensory organs, metabolic pathways, defensive mechanisms, and social behaviors. Include how environmental change, niche expansion, developmental constraints, trade-offs, and interactions with other species shape the direction of adaptation, and why complex features emerge gradually through many functional intermediate stages rather than appearing fully formed in a single evolutionary step. Also discuss how cumulative selection can improve precision, efficiency, robustness, and context sensitivity in complex traits, how ecological specialization can intensify refinement in particular lineages, how the same general evolutionary process can produce very different adaptive outcomes in deserts, forests, oceans, mountains, islands, and how repeated adaptation under local pressures can yield."
16, "Explain in the detail how natural selection gradually transforms small good inherited differences into increasingly complex traits, biological functions, and adaptive behaviors in populations distributed across varied ecological settings. Discuss how variation among individuals affects survival, fertility, mate acquisition, foraging efficiency, predator avoidance, resistance to pathogens, and responses to environmental stress, and how these differences influence which genes become more common over time. Then explain how repeated rounds of selection can preserve useful modifications, eliminate disadvantageous ones, and assemble multiple interacting components into coordinated systems, such as sensory organs, metabolic pathways, defensive mechanisms, and social behaviors. Include how environmental change, niche expansion, developmental constraints, trade-offs, and interactions with other species shape the direction of adaptation, and why complex features emerge gradually through many functional intermediate stages rather than appearing fully formed in a single evolutionary step. Also discuss how cumulative selection can improve precision, efficiency, robustness, and context sensitivity in complex traits, how ecological specialization can intensify refinement in particular lineages, how the same general evolutionary process can produce very different adaptive outcomes in deserts, forests, oceans, mountains, islands, and how repeated adaptation under local pressures can yield."
17, "Explain in the detail how natural selection gradually transforms small good inherited differences into increasingly complex traits, biological functions, and adaptive behaviors in populations distributed across varied ecological settings. Discuss how variation among individuals affects survival, fertility, mate acquisition, foraging efficiency, predator avoidance, resistance to pathogens, and responses to environmental stress, and how these differences influence which genes become more common over time. Then explain how repeated rounds of selection can preserve useful modifications, eliminate disadvantageous ones, and assemble multiple interacting components into coordinated systems, such as sensory organs, metabolic pathways, defensive mechanisms, and social behaviors. Include how environmental change, niche expansion, developmental constraints, trade-offs, and interactions with other species shape the direction of adaptation, and why complex features emerge gradually through many functional intermediate stages rather than appearing fully formed in a single evolutionary step. Also discuss how cumulative selection can improve precision, efficiency, robustness, and context sensitivity in complex traits, how ecological specialization can intensify refinement in particular lineages, how the same general evolutionary process can produce very different adaptive outcomes in deserts, forests, oceans, mountains, islands, and how repeated adaptation under local pressures can yield."
18, "Explain in the detail how natural selection gradually transforms small good inherited differences into increasingly complex traits, biological functions, and adaptive behaviors in populations distributed across varied ecological settings. Discuss how variation among individuals affects survival, fertility, mate acquisition, foraging efficiency, predator avoidance, resistance to pathogens, and responses to environmental stress, and how these differences influence which genes become more common over time. Then explain how repeated rounds of selection can preserve useful modifications, eliminate disadvantageous ones, and assemble multiple interacting components into coordinated systems, such as sensory organs, metabolic pathways, defensive mechanisms, and social behaviors. Include how environmental change, niche expansion, developmental constraints, trade-offs, and interactions with other species shape the direction of adaptation, and why complex features emerge gradually through many functional intermediate stages rather than appearing fully formed in a single evolutionary step. Also discuss how cumulative selection can improve precision, efficiency, robustness, and context sensitivity in complex traits, how ecological specialization can intensify refinement in particular lineages, how the same general evolutionary process can produce very different adaptive outcomes in deserts, forests, oceans, mountains, islands, and how repeated adaptation under local pressures can yield."
19, "Explain in the detail how natural selection gradually transforms small good inherited differences into increasingly complex traits, biological functions, and adaptive behaviors in populations distributed across varied ecological settings. Discuss how variation among individuals affects survival, fertility, mate acquisition, foraging efficiency, predator avoidance, resistance to pathogens, and responses to environmental stress, and how these differences influence which genes become more common over time. Then explain how repeated rounds of selection can preserve useful modifications, eliminate disadvantageous ones, and assemble multiple interacting components into coordinated systems, such as sensory organs, metabolic pathways, defensive mechanisms, and social behaviors. Include how environmental change, niche expansion, developmental constraints, trade-offs, and interactions with other species shape the direction of adaptation, and why complex features emerge gradually through many functional intermediate stages rather than appearing fully formed in a single evolutionary step. Also discuss how cumulative selection can improve precision, efficiency, robustness, and context sensitivity in complex traits, how ecological specialization can intensify refinement in particular lineages, how the same general evolutionary process can produce very different adaptive outcomes in deserts, forests, oceans, mountains, islands, and how repeated adaptation under local pressures can yield."
20, "Explain in the detail how natural selection gradually transforms small good inherited differences into increasingly complex traits, biological functions, and adaptive behaviors in populations distributed across varied ecological settings. Discuss how variation among individuals affects survival, fertility, mate acquisition, foraging efficiency, predator avoidance, resistance to pathogens, and responses to environmental stress, and how these differences influence which genes become more common over time. Then explain how repeated rounds of selection can preserve useful modifications, eliminate disadvantageous ones, and assemble multiple interacting components into coordinated systems, such as sensory organs, metabolic pathways, defensive mechanisms, and social behaviors. Include how environmental change, niche expansion, developmental constraints, trade-offs, and interactions with other species shape the direction of adaptation, and why complex features emerge gradually through many functional intermediate stages rather than appearing fully formed in a single evolutionary step. Also discuss how cumulative selection can improve precision, efficiency, robustness, and context sensitivity in complex traits, how ecological specialization can intensify refinement in particular lineages, how the same general evolutionary process can produce very different adaptive outcomes in deserts, forests, oceans, mountains, islands, and how repeated adaptation under local pressures can yield."
21, "Explain in the detail how natural selection gradually transforms small good inherited differences into increasingly complex traits, biological functions, and adaptive behaviors in populations distributed across varied ecological settings. Discuss how variation among individuals affects survival, fertility, mate acquisition, foraging efficiency, predator avoidance, resistance to pathogens, and responses to environmental stress, and how these differences influence which genes become more common over time. Then explain how repeated rounds of selection can preserve useful modifications, eliminate disadvantageous ones, and assemble multiple interacting components into coordinated systems, such as sensory organs, metabolic pathways, defensive mechanisms, and social behaviors. Include how environmental change, niche expansion, developmental constraints, trade-offs, and interactions with other species shape the direction of adaptation, and why complex features emerge gradually through many functional intermediate stages rather than appearing fully formed in a single evolutionary step. Also discuss how cumulative selection can improve precision, efficiency, robustness, and context sensitivity in complex traits, how ecological specialization can intensify refinement in particular lineages, how the same general evolutionary process can produce very different adaptive outcomes in deserts, forests, oceans, mountains, islands, and how repeated adaptation under local pressures can yield."
22, "Explain in the detail how natural selection gradually transforms small good inherited differences into increasingly complex traits, biological functions, and adaptive behaviors in populations distributed across varied ecological settings. Discuss how variation among individuals affects survival, fertility, mate acquisition, foraging efficiency, predator avoidance, resistance to pathogens, and responses to environmental stress, and how these differences influence which genes become more common over time. Then explain how repeated rounds of selection can preserve useful modifications, eliminate disadvantageous ones, and assemble multiple interacting components into coordinated systems, such as sensory organs, metabolic pathways, defensive mechanisms, and social behaviors. Include how environmental change, niche expansion, developmental constraints, trade-offs, and interactions with other species shape the direction of adaptation, and why complex features emerge gradually through many functional intermediate stages rather than appearing fully formed in a single evolutionary step. Also discuss how cumulative selection can improve precision, efficiency, robustness, and context sensitivity in complex traits, how ecological specialization can intensify refinement in particular lineages, how the same general evolutionary process can produce very different adaptive outcomes in deserts, forests, oceans, mountains, islands, and how repeated adaptation under local pressures can yield."
23, "Explain in the detail how natural selection gradually transforms small good inherited differences into increasingly complex traits, biological functions, and adaptive behaviors in populations distributed across varied ecological settings. Discuss how variation among individuals affects survival, fertility, mate acquisition, foraging efficiency, predator avoidance, resistance to pathogens, and responses to environmental stress, and how these differences influence which genes become more common over time. Then explain how repeated rounds of selection can preserve useful modifications, eliminate disadvantageous ones, and assemble multiple interacting components into coordinated systems, such as sensory organs, metabolic pathways, defensive mechanisms, and social behaviors. Include how environmental change, niche expansion, developmental constraints, trade-offs, and interactions with other species shape the direction of adaptation, and why complex features emerge gradually through many functional intermediate stages rather than appearing fully formed in a single evolutionary step. Also discuss how cumulative selection can improve precision, efficiency, robustness, and context sensitivity in complex traits, how ecological specialization can intensify refinement in particular lineages, how the same general evolutionary process can produce very different adaptive outcomes in deserts, forests, oceans, mountains, islands, and how repeated adaptation under local pressures can yield."
24, "Explain in the detail how natural selection gradually transforms small good inherited differences into increasingly complex traits, biological functions, and adaptive behaviors in populations distributed across varied ecological settings. Discuss how variation among individuals affects survival, fertility, mate acquisition, foraging efficiency, predator avoidance, resistance to pathogens, and responses to environmental stress, and how these differences influence which genes become more common over time. Then explain how repeated rounds of selection can preserve useful modifications, eliminate disadvantageous ones, and assemble multiple interacting components into coordinated systems, such as sensory organs, metabolic pathways, defensive mechanisms, and social behaviors. Include how environmental change, niche expansion, developmental constraints, trade-offs, and interactions with other species shape the direction of adaptation, and why complex features emerge gradually through many functional intermediate stages rather than appearing fully formed in a single evolutionary step. Also discuss how cumulative selection can improve precision, efficiency, robustness, and context sensitivity in complex traits, how ecological specialization can intensify refinement in particular lineages, how the same general evolutionary process can produce very different adaptive outcomes in deserts, forests, oceans, mountains, islands, and how repeated adaptation under local pressures can yield."
25, "Explain in the detail how natural selection gradually transforms small good inherited differences into increasingly complex traits, biological functions, and adaptive behaviors in populations distributed across varied ecological settings. Discuss how variation among individuals affects survival, fertility, mate acquisition, foraging efficiency, predator avoidance, resistance to pathogens, and responses to environmental stress, and how these differences influence which genes become more common over time. Then explain how repeated rounds of selection can preserve useful modifications, eliminate disadvantageous ones, and assemble multiple interacting components into coordinated systems, such as sensory organs, metabolic pathways, defensive mechanisms, and social behaviors. Include how environmental change, niche expansion, developmental constraints, trade-offs, and interactions with other species shape the direction of adaptation, and why complex features emerge gradually through many functional intermediate stages rather than appearing fully formed in a single evolutionary step. Also discuss how cumulative selection can improve precision, efficiency, robustness, and context sensitivity in complex traits, how ecological specialization can intensify refinement in particular lineages, how the same general evolutionary process can produce very different adaptive outcomes in deserts, forests, oceans, mountains, islands, and how repeated adaptation under local pressures can yield."
26, "Explain in the detail how natural selection gradually transforms small good inherited differences into increasingly complex traits, biological functions, and adaptive behaviors in populations distributed across varied ecological settings. Discuss how variation among individuals affects survival, fertility, mate acquisition, foraging efficiency, predator avoidance, resistance to pathogens, and responses to environmental stress, and how these differences influence which genes become more common over time. Then explain how repeated rounds of selection can preserve useful modifications, eliminate disadvantageous ones, and assemble multiple interacting components into coordinated systems, such as sensory organs, metabolic pathways, defensive mechanisms, and social behaviors. Include how environmental change, niche expansion, developmental constraints, trade-offs, and interactions with other species shape the direction of adaptation, and why complex features emerge gradually through many functional intermediate stages rather than appearing fully formed in a single evolutionary step. Also discuss how cumulative selection can improve precision, efficiency, robustness, and context sensitivity in complex traits, how ecological specialization can intensify refinement in particular lineages, how the same general evolutionary process can produce very different adaptive outcomes in deserts, forests, oceans, mountains, islands, and how repeated adaptation under local pressures can yield."
27, "Explain in the detail how natural selection gradually transforms small good inherited differences into increasingly complex traits, biological functions, and adaptive behaviors in populations distributed across varied ecological settings. Discuss how variation among individuals affects survival, fertility, mate acquisition, foraging efficiency, predator avoidance, resistance to pathogens, and responses to environmental stress, and how these differences influence which genes become more common over time. Then explain how repeated rounds of selection can preserve useful modifications, eliminate disadvantageous ones, and assemble multiple interacting components into coordinated systems, such as sensory organs, metabolic pathways, defensive mechanisms, and social behaviors. Include how environmental change, niche expansion, developmental constraints, trade-offs, and interactions with other species shape the direction of adaptation, and why complex features emerge gradually through many functional intermediate stages rather than appearing fully formed in a single evolutionary step. Also discuss how cumulative selection can improve precision, efficiency, robustness, and context sensitivity in complex traits, how ecological specialization can intensify refinement in particular lineages, how the same general evolutionary process can produce very different adaptive outcomes in deserts, forests, oceans, mountains, islands, and how repeated adaptation under local pressures can yield."
28, "Explain in the detail how natural selection gradually transforms small good inherited differences into increasingly complex traits, biological functions, and adaptive behaviors in populations distributed across varied ecological settings. Discuss how variation among individuals affects survival, fertility, mate acquisition, foraging efficiency, predator avoidance, resistance to pathogens, and responses to environmental stress, and how these differences influence which genes become more common over time. Then explain how repeated rounds of selection can preserve useful modifications, eliminate disadvantageous ones, and assemble multiple interacting components into coordinated systems, such as sensory organs, metabolic pathways, defensive mechanisms, and social behaviors. Include how environmental change, niche expansion, developmental constraints, trade-offs, and interactions with other species shape the direction of adaptation, and why complex features emerge gradually through many functional intermediate stages rather than appearing fully formed in a single evolutionary step. Also discuss how cumulative selection can improve precision, efficiency, robustness, and context sensitivity in complex traits, how ecological specialization can intensify refinement in particular lineages, how the same general evolutionary process can produce very different adaptive outcomes in deserts, forests, oceans, mountains, islands, and how repeated adaptation under local pressures can yield."
29, "Explain in the detail how natural selection gradually transforms small good inherited differences into increasingly complex traits, biological functions, and adaptive behaviors in populations distributed across varied ecological settings. Discuss how variation among individuals affects survival, fertility, mate acquisition, foraging efficiency, predator avoidance, resistance to pathogens, and responses to environmental stress, and how these differences influence which genes become more common over time. Then explain how repeated rounds of selection can preserve useful modifications, eliminate disadvantageous ones, and assemble multiple interacting components into coordinated systems, such as sensory organs, metabolic pathways, defensive mechanisms, and social behaviors. Include how environmental change, niche expansion, developmental constraints, trade-offs, and interactions with other species shape the direction of adaptation, and why complex features emerge gradually through many functional intermediate stages rather than appearing fully formed in a single evolutionary step. Also discuss how cumulative selection can improve precision, efficiency, robustness, and context sensitivity in complex traits, how ecological specialization can intensify refinement in particular lineages, how the same general evolutionary process can produce very different adaptive outcomes in deserts, forests, oceans, mountains, islands, and how repeated adaptation under local pressures can yield."